Stkcd,Stknme,Ppdadt,Annocont,Exdistdt,Price2,f,mktret_t,ret_t,ret_t30,Listdt,age,Price_ex,abret_t
2437,誉衡药业,2014/6/26,10股转增15股,2014/9/19,22.77,1.5,-0.016802,0.036891,0.0292,2010/6/23,5,9.108,0.053693
601377,兴业证券,2014/6/28,10股转增10股,2014/9/19,6.02,1,-0.016802,-0.024917,0.276,2010/10/13,5,3.01,-0.008115
600109,国金证券,2014/7/1,10股转增10股,2014/10/24,12.11,1,-0.00179,-0.055326,0.9353,1997/8/7,18,6.055,-0.053536
861,海印股份,2014/7/1,10股转增10股,2014/9/24,6.57,1,0.000263,0.048706,0.1567,1998/10/28,17,3.285,0.048443
300132,青松股份,2014/7/10,10股转增10股,2014/9/16,8.89,1,0.005764,-0.073116,-0.0328,2010/10/26,5,4.445,-0.07888
705,浙江震元,2014/7/17,10股转增10股,2014/8/27,9.39,1,-0.00758,-0.00426,0.1904,1997/4/10,18,4.695,0.00332
300134,大富科技,2014/7/25,10转增2股派5元(含税),2014/8/21,39.82,0.2,0.005437,-0.010547,0.1437,2010/10/26,5,33.18333333,-0.015984
600711,盛屯矿业,2014/7/30,10转增15股派0.5元(含税),2014/9/26,7.64,1.5,0.006472,-0.048429,-0.0413,1996/5/31,19,3.056,-0.054901
601099,太平洋,2014/8/5,10股转增5股,2014/10/9,6.69,0.5,-0.005331,-0.016442,0.1611,2007/12/28,8,4.46,-0.011111
600010,包钢股份,2014/8/7,10转增9.5送0.5股派0.125元(含税),2014/9/29,2.88,1,0.003823,-0.03125,0.0502,2001/3/9,14,1.44,-0.035073
2345,潮宏基,2014/8/13,10股转增10股,2014/9/26,9.38,1,0.006472,0.011727,-0.1159,2010/1/28,5,4.69,0.005255
2252,上海莱士,2014/8/16,10股转增10股,2014/9/25,34.82,1,0.001897,0.099943,0.2243,2008/6/23,7,17.41,0.098046
600792,云煤能源,2014/8/21,10转增10股,2014/10/29,6.34,1,0.005373,-0.012618,0.1629,1997/1/23,18,3.17,-0.017991
2201,九鼎新材,2014/8/25,10转增3股派0.15元(含税),2014/10/21,10.11,0.3,-0.007907,-0.094955,0.141,2007/12/26,8,7.776923077,-0.087048
300096,易联众,2014/8/25,10股转增15股,2014/9/25,14.41,1.5,0.001897,0.017349,-0.1644,2010/7/28,5,5.764,0.015452
600138,中青旅,2014/8/27,10转增5股派1.5元(含税),2014/9/29,16.66,0.5,0.003823,-0.013205,0.0998,1997/12/3,18,11.10666667,-0.017028
883,湖北能源,2014/8/27,10股转增10股,2014/9/22,4.02,1,0.010378,0,0.5945,1998/5/19,17,2.01,-0.010378
600039,四川路桥,2014/8/30,10股转增10股,2014/10/9,5.08,1,-0.005331,-0.03937,-0.0369,2003/3/25,12,2.54,-0.034039
2495,佳隆股份,2014/12/3,10转增10送3.8股派1元(含税),2015/3/10,8.98,1.38,0.001039,-0.026726,0.3112,2010/11/2,5,3.773109244,-0.027765
997,新大陆,2014/12/4,10股转增8股,2015/6/8,38.44,0.8,-0.004086,-0.032258,-0.2035,2000/8/7,15,21.35555556,-0.028172
600794,保税科技,2014/12/6,10转增12股派1元(含税),2015/3/18,9.13,1.2,0.002096,-0.002191,0.1427,1997/3/6,18,4.15,-0.004287
2392,北京利尔,2014/12/16,10转增10股派0.5元(含税),2015/6/24,10.89,1,-0.038473,-0.049587,-0.199,2010/4/23,5,5.445,-0.011114
300084,海默科技,2014/12/23,10转增12股派0.30元(含税),2015/6/1,21.03,1.2,0.026451,0.01902,-0.6286,2010/5/20,5,9.559090909,-0.007431
2337,赛象科技,2014/12/25,10股转增20股,2015/3/6,13.39,2,0.018349,0.055265,0.327,2010/1/15,5,4.463333333,0.036916
2421,达实智能,2014/12/26,10转增12股派1元(含税),2015/5/12,23.86,1.2,-0.001864,0.100168,-0.0099,2010/6/3,5,10.84545455,0.102032
2358,森源电气,2014/12/27,10转增10股派2.3元(含税),2015/6/15,31.1,1,-0.03851,-0.094855,-0.4856,2010/2/10,5,15.55,-0.056345
656,金科股份,2014/12/27,10转增14送6股派1.5元(含税),2015/4/29,8.59,2,-0.004156,-0.03376,0.2349,1996/11/28,19,2.863333333,-0.029604
600478,科力远,2015/1/1,10股转增8股,2015/5/18,23.4,0.8,0.03207,0.05812,-0.3126,2003/9/18,12,13,0.02605
300017,网宿科技,2015/1/6,10转增11.993290股派1.499162元(含税),2015/4/22,45.79,1.199329,0.00583,0.100022,-0.0369,2009/10/30,6,20.81998646,0.094192
2268,卫士通,2015/1/6,10转增10股派0.3元(含税),2015/4/15,55.7,1,0.024582,-0.007181,-0.0479,2008/8/11,7,27.85,-0.031763
2107,沃华医药,2015/1/15,10转增12股派2.1元(含税),2015/3/19,27.06,1.2,0.011096,0.100148,0.3265,2007/1/24,8,12.3,0.089052
600496,精工钢构,2015/1/15,10转增12股派0.4元(含税),2015/5/22,9.98,1.2,0.03005,0.069138,-0.5361,2002/6/5,13,4.536363636,0.039088
300142,沃森生物,2015/1/16,10转增10股派0.5元(含税),2015/4/23,30.64,1,-0.003938,0.001958,0.3876,2010/11/12,5,15.32,0.005896
2448,中原内配,2015/1/20,10转增15股派2元(含税),2015/6/4,20.32,1.5,0.014775,0.011319,-0.3528,2010/7/16,5,8.128,-0.003456
2527,新时达,2015/1/22,10转增5股派1.7元(含税),2015/6/12,30.92,0.5,-0.021363,-0.099935,-0.1326,2010/12/24,5,20.61333333,-0.078572
2497,雅化集团,2015/1/22,10转增10股派1元(含税),2015/5/8,8.63,1,0.036681,0.052144,0.0793,2010/11/9,5,4.315,0.015463
300004,南风股份,2015/1/23,10转增10股派0.5元(含税),2015/7/7,21,1,-0.067128,0.1,-0.1329,2009/10/30,6,10.5,0.167128
2245,澳洋顺昌,2015/1/28,10转增9送3股派0.8元(含税),2015/3/20,9.5,1.2,0.02265,0.1,-0.022,2008/6/5,7,4.318181818,0.07735
300107,建新股份,2015/1/29,10转增9.978578股派0.498929元(含税),2015/5/14,9.41,0.997858,-0.013775,-0.030818,-0.0132,2010/8/20,5,4.710044458,-0.017043
300036,超图软件,2015/1/31,10转增6股派1元(含税),2015/5/12,42.66,0.6,-0.001864,-0.022504,-0.1806,2009/12/25,6,26.6625,-0.02064
600577,精达股份,2015/2/3,10转增9送1股派1元(含税),2015/6/11,11.19,1,0.011318,0.007149,-0.4747,2002/9/11,13,5.595,-0.004169
2214,大立科技,2015/2/3,10转增10股派0.5元(含税),2015/5/15,15.5,1,0.002078,0.063871,-0.3402,2008/2/18,7,7.75,0.061793
2129,中环股份,2015/2/4,10转增12股派0.1元(含税),2015/4/29,24.3,1.2,-0.004156,-0.021399,0.2952,2007/4/20,8,11.04545455,-0.017243
600184,光电股份,2015/3/13,10股转增10股,2015/4/23,28.9,1,-0.003938,-0.051557,0.4192,2003/11/6,12,14.45,-0.047619
300075,数字政通,2015/2/11,10转增10股派1元(含税),2015/5/25,63.2,1,0.026126,0.015032,-0.3565,2010/4/27,5,31.6,-0.011094
545,金浦钛业,2015/2/11,10股转增3股,2015/3/26,15.34,0.3,0.005709,-0.029987,0.209,1993/12/15,22,11.8,-0.035696
2178,延华智能,2015/2/11,10转增6送2股派0.6元(含税),2015/4/8,22.96,0.8,-0.009481,0.075784,0.0385,2007/11/1,8,12.75555556,0.085265
2434,万里扬,2015/2/13,10转增5股派2元(含税),2015/5/14,17.36,0.5,-0.013775,-0.035138,0.0442,2010/6/18,5,11.57333333,-0.021363
601678,滨化股份,2015/2/17,10转增5股派1.7元(含税),2015/4/15,10.07,0.5,0.024582,-0.025819,0.001,2010/2/23,5,6.713333333,-0.050401
2249,大洋电机,2015/2/17,10转增10股派2.73元(含税),2015/3/19,9.58,1,0.011096,0.100209,0.1376,2008/6/19,7,4.79,0.089113
2262,恩华药业,2015/2/17,10送2股派0.6元(含税),2015/4/8,27.2,0.2,-0.009481,-0.006618,0.2424,2008/7/23,7,22.66666667,0.002863
2331,皖通科技,2015/2/17,10转增2股派0.5元(含税),2015/3/26,15.5,0.2,0.005709,0.1,0.9343,2010/1/6,5,12.91666667,0.094291
2284,亚太股份,2015/2/26,10转增5送5股派1元(含税),2015/4/24,12.54,1,0.025079,-0.024721,1.054,2009/8/28,6,6.27,-0.0498
2138,顺络电子,2015/2/27,10股转增10股,2015/4/8,18.6,1,-0.009481,0.1,0.0391,2007/6/13,8,9.3,0.109481
2487,大金重工,2015/2/28,10转增5股派0.1元(含税),2015/4/8,11.19,0.5,-0.009481,0.072386,0.3792,2010/10/15,5,7.46,0.081867
2154,报喜鸟,2015/2/28,10转增10股派0.5元(含税),2015/4/30,8.62,1,0.00876,0.017401,0.6716,2007/8/16,8,4.31,0.008641
2491,通鼎互联,2015/2/28,10转增20股派1元(含税),2015/5/20,28.84,2,0.025991,0.099861,-0.495,2010/10/21,5,9.613333333,0.07387
2522,浙江众成,2015/2/28,10转增10股派1元(含税),2015/5/6,31.65,1,-0.024518,-0.051501,-0.0946,2010/12/10,5,15.825,-0.026983
300020,银江股份,2015/3/2,10转增12股派1元(含税),2015/6/2,43.08,1.2,0.001665,0.100046,-0.4417,2009/10/30,6,19.58181818,0.098381
300049,福瑞股份,2015/3/2,10转增10股派2元(含税),2015/7/6,33.42,1,-0.02927,-0.09994,0.2899,2010/1/20,5,16.71,-0.07067
300009,安科生物,2015/3/3,10转增3股派1.5元(含税),2015/4/17,20.59,0.3,-0.017908,-0.081107,0.6993,2009/10/30,6,15.83846154,-0.063199
300015,爱尔眼科,2015/3/4,10转增4.997973股派1.424422元(含税),2015/6/4,38.88,0.499797,0.014775,-0.026492,-0.0539,2009/10/30,6,25.92350831,-0.041267
600966,博汇纸业,2015/3/4,10股转增10股,2015/5/14,5.75,1,-0.013775,-0.033043,0.0306,2004/6/8,11,2.875,-0.019268
600035,楚天高速,2015/3/4,10转增2股派0.7元(含税),2015/4/16,9.52,0.2,0.018286,-0.003151,-0.1781,2004/3/10,11,7.933333333,-0.021437
300032,金龙机电,2015/3/5,10转增10股派1元(含税),2015/5/14,30.51,1,-0.013775,0.055392,0.1398,2009/12/25,6,15.255,0.069167
2494,华斯股份,2015/3/6,10股转增10股,2015/4/9,14.55,1,0.022003,-0.030241,1.2147,2010/11/2,5,7.275,-0.052244
300055,万邦达,2015/3/6,10转增20股派0.6元(含税),2015/4/7,48.2,2,0.003274,-0.087552,-0.1164,2010/2/26,5,16.06666667,-0.090826
600617,国新能源,2015/3/10,10股转增7股,2015/4/20,22.45,0.7,0.024854,-0.023163,0.0424,1992/10/13,23,13.20588235,-0.048017
900913,国新B股,2015/3/10,10股转增7股,2015/4/20,2.064,0.7,0.024854,-0.00436,0.1698,1993/9/28,22,1.214117647,-0.029214
2237,恒邦股份,2015/3/10,10转增10股派2元(含税),2015/4/16,13.98,1,0.018286,0.002861,0.0264,2008/5/20,7,6.99,-0.015425
2059,云南旅游,2015/3/12,10股转增10股,2015/5/14,11.9,1,-0.013775,0.040336,-0.0654,2006/8/10,9,5.95,0.054111
2312,三泰控股,2015/3/12,10转增7.5股派1元(含税),2015/6/2,61.03,0.75,0.001665,-0.039653,-0.3945,2009/12/3,6,34.87428571,-0.041318
300087,荃银高科,2015/3/12,10股转增10股,2015/5/14,9.91,1,-0.013775,0.096872,-0.0028,2010/5/26,5,4.955,0.110647
2523,天桥起重,2015/3/13,10转增3股派0.5元(含税),2015/4/20,8.31,0.3,0.024854,0.021661,0.6042,2010/12/10,5,6.392307692,-0.003193
1,平安银行,2015/3/13,10转增2股派1.74元(含税),2015/4/13,16.54,0.2,0.001548,-0.01451,0.0196,1991/4/3,24,13.78333333,-0.016058
300072,三聚环保,2015/3/14,10转增3股派1元(含税),2015/4/30,34.23,0.3,0.00876,0.007888,0.1739,2010/4/27,5,26.33076923,-0.000872
300067,安诺其,2015/3/16,10转增6股派0.5元(含税),2015/5/15,12.18,0.6,0.002078,0.100164,-0.2052,2010/4/21,5,7.6125,0.098086
300092,科新机电,2015/3/17,10股转增15股,2015/5/25,19.56,1.5,0.026126,0.094581,-0.6193,2010/7/8,5,7.824,0.068455
600824,益民集团,2015/3/18,10送2股派0.63元(含税),2015/5/29,11.22,0.2,0.053785,0.032977,-0.3451,1994/2/4,21,9.35,-0.020808
300133,华策影视,2015/3/18,10转增5股派0.6元(含税),2015/5/4,24.42,0.5,-0.039307,-0.048321,0.3425,2010/10/26,5,16.28,-0.009014
300033,同花顺,2015/3/18,10转增10股派0.8元(含税),2015/4/24,92.47,1,0.025079,0.059803,0.1838,2009/12/25,6,46.235,0.034724
810,创维数字,2015/3/20,10转增10股派2元(含税),2015/4/27,19.12,1,-0.016666,0.099895,0.5692,1998/6/2,17,9.56,0.116561
977,浪潮信息,2015/3/20,10转增7送3股派0.8元(含税),2015/4/27,34.7,1,-0.016666,-0.052161,0.315,2000/6/8,15,17.35,-0.035495
2146,荣盛发展,2015/3/20,10转增5.5送4.5股派2元(含税),2015/6/10,13.33,1,0.007518,0.015004,-0.3104,2007/8/8,8,6.665,0.007486
300058,蓝色光标,2015/3/20,10转增9.983377股派1.497506元(含税),2015/6/9,22.3,0.998338,0.005704,0.052018,-0.4297,2010/2/26,5,11.15927336,0.046314
601318,中国平安,2015/3/20,10转增10股派5元(含税),2015/7/27,36.56,1,-0.020921,-0.039934,-0.139,2007/3/1,8,18.28,-0.019013
600588,用友网络,2015/3/20,10转增2股派3元(含税),2015/4/30,41.43,0.2,0.00876,-0.049722,0.7447,2001/5/18,14,34.525,-0.058482
2216,三全食品,2015/3/20,10转增10股派0.3元(含税),2015/4/28,14.99,1,0.00559,-0.001334,0.1957,2008/2/20,7,7.495,-0.006924
848,承德露露,2015/3/20,10送5股派2元(含税),2015/5/26,21.26,0.5,0.006092,0.00047,-0.3253,1997/11/13,18,14.17333333,-0.005622
2404,嘉欣丝绸,2015/3/20,10转增10股派2元(含税),2015/5/20,12.14,1,0.025991,0.079077,-0.174,2010/5/11,5,6.07,0.053086
300095,华伍股份,2015/3/21,10转增5股派0.5元(含税),2015/5/20,17.98,0.5,0.025991,-0.020578,-0.4588,2010/7/28,5,11.98666667,-0.046569
600495,晋西车轴,2015/3/21,10转增8股派0.65元(含税),2015/7/9,6.86,0.8,0.059639,0.100583,0.5404,2004/5/26,11,3.811111111,0.040944
300019,硅宝科技,2015/3/21,10转增10股派2元(含税),2015/5/8,14.95,1,0.036681,0.082943,0.1149,2009/10/30,6,7.475,0.046262
748,长城信息,2015/3/24,10转增10股派0.7元(含税),2015/5/15,29.57,1,0.002078,0.044302,,1997/7/4,18,14.785,0.042224
639,西王食品,2015/3/24,10转增10股派0.3元(含税),2015/4/27,14.38,1,-0.016666,-0.05007,0.604,1996/11/26,19,7.19,-0.033404
2285,世联行,2015/3/24,10转增3.6送2.4股派0.6元(含税),2015/4/27,21.22,0.6,-0.016666,-0.049953,0.6265,2009/8/28,6,13.2625,-0.033287
2326,永太科技,2015/3/24,10转增18股派1元(含税),2015/4/29,18.01,1.8,-0.004156,-0.04442,0.1854,2009/12/22,6,6.432142857,-0.040264
2226,江南化工,2015/3/24,10转增10股派4.5元(含税),2015/5/28,12.58,1,0.003664,-0.04213,-0.3801,2008/5/6,7,6.29,-0.045794
2023,海特高新,2015/3/25,10转增10股派1元(含税),2015/5/8,17.92,1,0.036681,0.074219,0.2197,2004/7/21,11,8.96,0.037538
2294,信立泰,2015/3/25,10转增6股派7元(含税),2015/4/24,33,0.6,0.025079,-0.018182,0.117,2009/9/10,6,20.625,-0.043261
2402,和而泰,2015/3/26,10转增10股派1元(含税),2015/5/8,21.42,1,0.036681,0.099907,0.2733,2010/5/11,5,10.71,0.063226
895,双汇发展,2015/3/26,10转增5股派14.2元(含税),2015/5/20,25.63,0.5,0.025991,0.033945,-0.2528,1998/12/10,17,17.08666667,0.007954
63,中兴通讯,2015/3/26,10转增2股派2元(含税),2015/7/17,19.79,0.2,0.014175,0.043962,-0.1752,1997/11/18,18,16.49166667,0.029787
2410,广联达,2015/3/26,10转增5股派4元(含税),2015/5/8,26.53,0.5,0.036681,0.036562,0.0291,2010/5/25,5,17.68666667,-0.000119
631,顺发恒业,2015/3/26,10送4股派1元(含税),2015/4/30,8.22,0.4,0.00876,0.014599,0.2902,1996/11/22,19,5.871428571,0.005839
300039,上海凯宝,2015/3/26,10转增3股派2元(含税),2015/4/30,13.64,0.3,0.00876,0.015396,0.3661,2010/1/8,5,10.49230769,0.006636
600340,华夏幸福,2015/3/26,10送10股派8元(含税),2015/5/4,33.69,1,-0.039307,-0.081627,0.0944,2003/12/30,12,16.845,-0.04232
600823,世茂股份,2015/3/26,10转增5股派1.7元(含税),2015/6/4,17.07,0.5,0.014775,0.007616,-0.2477,1994/2/4,21,11.38,-0.007159
601699,潞安环能,2015/3/26,10送3股派0.35元(含税),2015/6/11,12.35,0.3,0.011318,-0.012955,-0.361,2006/9/22,9,9.5,-0.024273
300150,世纪瑞尔,2015/3/26,10转增10股派2元(含税),2015/5/14,16.05,1,-0.013775,-0.04486,-0.122,2010/12/22,5,8.025,-0.031085
559,万向钱潮,2015/3/27,10转增2股派3元(含税),2015/4/29,15.22,0.2,-0.004156,-0.012484,0.9481,1994/1/10,21,12.68333333,-0.008328
2334,英威腾,2015/3/27,10转增10.006515股派1.500977元(含税),2015/4/30,12.77,1.000652,0.00876,0.007048,0.3686,2010/1/13,5,6.382919168,-0.001712
27,深圳能源,2015/3/27,10送5股派2元(含税),2015/6/25,14.9,0.5,-0.083558,-0.1,-0.1842,1993/9/3,22,9.933333333,-0.016442
600549,厦门钨业,2015/3/27,10转增3股派2元(含税),2015/5/11,30.43,0.3,0.017355,-0.010187,-0.0229,2002/11/7,13,23.40769231,-0.027542
300114,中航电测,2015/3/27,10转增3股派0.5元(含税),2015/5/27,50,0.3,-0.068521,-0.0194,-0.466,2010/8/27,5,38.46153846,0.049121
2340,格林美,2015/3/27,10转增3股派0.1元(含税),2015/5/15,15.54,0.3,0.002078,0.034106,-0.1394,2010/1/22,5,11.95384615,0.032028
2381,双箭股份,2015/3/28,10转增5股派3元(含税),2015/5/11,14.33,0.5,0.017355,0.055827,0.1785,2010/4/2,5,9.553333333,0.038472
2507,涪陵榨菜,2015/3/28,10转增6股派1元(含税),2015/7/3,20.48,0.6,0.011173,-0.083984,-0.0314,2010/11/23,5,12.8,-0.095157
600064,南京高科,2015/3/26,10送5股派1元(含税),2015/4/29,21.92,0.5,-0.004156,0.04927,0.1987,1997/5/6,18,14.61333333,0.053426
600415,小商品城,2015/3/26,10送10股派1.2元(含税),2015/5/12,15.05,1,-0.001864,-0.012625,0.2086,2002/5/9,13,7.525,-0.010761
2439,启明星辰,2015/3/28,10转增8送2股派0.5元(含税),2015/5/18,36.83,1,0.03207,0.099919,-0.1533,2010/6/23,5,18.415,0.067849
600170,上海建工,2015/3/28,10转增3股派2元(含税),2015/5/12,10.29,0.3,-0.001864,0.016521,0.0937,1998/6/23,17,7.915384615,0.018385
789,万年青,2015/3/28,10转增5股派3元(含税),2015/5/21,11.83,0.5,0.022787,0.006762,-0.3359,1997/9/23,18,7.886666667,-0.016025
753,漳州发展,2015/3/31,10股转增7股,2015/5/7,6.86,0.7,0.030246,0.04519,0.5774,1997/6/26,18,4.035294118,0.014944
2452,长高集团,2015/3/31,10转增10股派1元(含税),2015/4/30,10.63,1,0.00876,-0.015052,0.3706,2010/7/20,5,5.315,-0.023812
2467,二六三,2015/3/31,10转增5股派1.8元(含税),2015/5/6,16.05,0.5,-0.024518,-0.066667,0.725,2010/9/8,5,10.7,-0.042149
859,国风塑业,2015/3/31,10股转增3股,2015/5/12,10.08,0.3,-0.001864,0.029762,0.0337,1998/11/19,17,7.753846154,0.031626
2223,鱼跃医疗,2015/3/31,10股转增1股,2015/5/21,57.2,0.1,0.022787,-0.003147,-0.1442,2008/4/18,7,52,-0.025934
300130,新国都,2015/3/31,10转增10股派0.5元(含税),2015/6/15,60.07,1,-0.03851,-0.099384,-0.4396,2010/10/19,5,30.035,-0.060874
600070,浙江富润,2015/3/31,10转增1送2股派0.5元(含税),2015/6/19,18.05,0.3,0.020969,-0.085319,-0.3434,1997/6/4,18,13.88461538,-0.106288
600066,宇通客车,2015/3/31,10转增5股派10元(含税),2015/5/20,23.6,0.5,0.025991,-0.025847,-0.1309,1997/5/8,18,15.73333333,-0.051838
600790,轻纺城,2015/3/31,10股转增3股,2015/5/21,13.57,0.3,0.022787,-0.014001,-0.5389,1997/2/28,18,10.43846154,-0.036788
600276,恒瑞医药,2015/3/31,10转增1送2股派1元(含税),2015/6/15,45.96,0.3,-0.03851,-0.048956,-0.0087,2000/10/18,15,35.35384615,-0.010446
600558,大西洋,2015/3/31,10转增5股派0.5元(含税),2015/7/24,13.84,0.5,-0.090392,-0.099711,-0.4952,2001/2/27,14,9.226666667,-0.009319
338,潍柴动力,2015/3/31,10转增10股派1.5元(含税),2015/8/20,11.9,1,-0.052796,-0.089916,-0.1339,2007/4/30,8,5.95,-0.03712
819,岳阳兴长,2015/3/31,10送0.5股派0.5元(含税),2015/6/10,53.7,0.05,0.007518,0.014525,-0.4046,1997/6/25,18,51.14285714,0.007007
2179,中航光电,2015/3/31,10转增3股派1元(含税),2015/6/3,48.05,0.3,0.005007,-0.059521,-0.1102,2007/11/1,8,36.96153846,-0.064528
2422,科伦药业,2015/3/31,10转增10股派2.5元(含税),2015/7/22,19.95,1,0.027241,0.100251,-0.2629,2010/6/3,5,9.975,0.07301
600352,浙江龙盛,2015/3/31,10转增10股派5元(含税),2015/6/10,20.01,1,0.007518,-0.04048,-0.2276,2003/8/1,12,10.005,-0.047998
2238,天威视讯,2015/4/1,10转增3股派2元(含税),2015/6/9,29.78,0.3,0.005704,0.026192,-0.2219,2008/5/26,7,22.90769231,0.020488
2269,美邦服饰,2015/4/1,10转增10送5股派1元(含税),2015/5/12,9.13,1.5,-0.001864,-0.030668,0.0203,2008/8/28,7,3.652,-0.028804
600735,新华锦,2015/4/1,10股转增5股,2015/5/7,19.47,0.5,0.030246,-0.019517,0.385,1996/7/26,19,12.98,-0.049763
2396,星网锐捷,2015/4/2,10转增5股派1元(含税),2015/5/29,37.99,0.5,0.053785,0.100026,-0.3874,2010/6/23,5,25.32666667,0.046241
2455,百川股份,2015/4/3,10转增10股派2.5元(含税),2015/5/12,9.85,1,-0.001864,0.063959,0.4094,2010/8/3,5,4.925,0.065823
600111,北方稀土,2015/4/3,10送5股派1.25元(含税),2015/5/11,21.98,0.5,0.017355,-0.015014,-0.0305,1997/9/24,18,14.65333333,-0.032369
600635,大众公用,2015/4/3,10送5股派0.35元(含税),2015/5/27,16.34,0.5,-0.068521,-0.099755,-0.4963,1993/3/4,22,10.89333333,-0.031234
300129,泰胜风能,2015/4/3,10转增10股派1元(含税),2015/5/21,12.06,1,0.022787,0.00995,-0.4433,2010/10/19,5,6.03,-0.012837
2003,伟星股份,2015/4/7,10转增2股派6元(含税),2015/5/15,11.76,0.2,0.002078,-0.001701,0.1831,2004/6/25,11,9.8,-0.003779
2181,粤传媒,2015/4/8,10转增6股派0.30元(含税),2015/6/4,21.92,0.6,0.014775,-0.040146,-0.3517,2007/11/16,8,13.7,-0.054921
600867,通化东宝,2015/4/9,10送1股派2元(含税),2015/5/18,31.08,0.1,0.03207,0.041184,-0.3223,1994/8/24,21,28.25454545,0.009114
2385,大北农,2015/4/10,10转增5股派1元(含税),2015/5/13,17.23,0.5,0.000477,0.048172,-0.1761,2010/4/9,5,11.48666667,0.047695
2508,老板电器,2015/4/10,10转增5股派5元(含税),2015/5/14,37.5,0.5,-0.013775,-0.0056,0.0016,2010/11/23,5,25,0.008175
2191,劲嘉股份,2015/4/9,10转增6送4股派1.5元(含税),2015/5/12,14.07,1,-0.001864,0.060412,-0.0369,2007/12/5,8,7.035,0.062276
600251,冠农股份,2015/4/10,10转增10股派2元(含税),2015/5/19,14.66,1,0.011565,-0.003411,-0.0999,2003/6/9,12,7.33,-0.014976
2064,华峰氨纶,2015/4/10,10转增9.5送0.5股派0.5元(含税),2015/6/1,10.88,1,0.026451,0.079044,-0.2973,2006/8/23,9,5.44,0.052593
600691,阳煤化工,2015/4/10,10股转增3.2股,2015/7/9,4.09,0.32,0.059639,0.0489,-0.0746,1993/11/19,22,3.098484848,-0.010739
2327,富安娜,2015/4/14,10转增10股派1元(含税),2015/5/14,11.96,1,-0.013775,-0.025084,0.1021,2009/12/30,6,5.98,-0.011309
2503,搜于特,2015/4/14,10转增10股派1元(含税),2015/5/15,14.23,1,0.002078,-0.039353,0.4272,2010/11/17,5,7.115,-0.041431
600261,阳光照明,2015/4/14,10转增5股派1.50元(含税),2015/5/26,11.24,0.5,0.006092,-0.022242,-0.3467,2000/7/20,15,7.493333333,-0.028334
2475,立讯精密,2015/4/15,10转增5股派0.80元(含税),2015/6/19,33.8,0.5,0.020969,-0.00503,0.0446,2010/9/15,5,22.53333333,-0.025999
300153,科泰电源,2015/4/15,10转增10股派1.50元(含税),2015/5/19,19.15,1,0.011565,0.055875,-0.3976,2010/12/29,5,9.575,0.04431
600486,扬农化工,2015/4/15,10送2股派2元(含税),2015/7/7,21.78,0.2,-0.067128,-0.100092,0.5592,2002/4/25,13,18.15,-0.032964
2436,兴森科技,2015/4/15,10转增10股派2元(含税),2015/5/20,24.58,1,0.025991,0.078112,-0.4313,2010/6/18,5,12.29,0.052121
2406,远东传动,2015/4/16,10转增10股派2元(含税),2015/5/28,15.39,1,0.003664,-0.042235,-0.3284,2010/5/18,5,7.695,-0.045899
2098,浔兴股份,2015/4/16,10转增10股派1.10元(含税),2015/6/4,24.05,1,0.014775,0.100208,-0.4426,2006/12/22,9,12.025,0.085433
300136,信维通信,2015/4/16,10转增10股派0.50元(含税),2015/6/3,33.21,1,0.005007,-0.072267,0.0289,2010/11/5,5,16.605,-0.077274
2215,诺普信,2015/4/16,10转增3股派1元(含税),2015/5/25,28.63,0.3,0.026126,0.020608,-0.6119,2008/2/18,7,22.02307692,-0.005518
2515,金字火腿,2015/4/16,10转增10股派0.80元(含税),2015/5/22,36.88,1,0.03005,-0.069957,-0.4557,2010/12/3,5,18.44,-0.100007
2100,天康生物,2015/4/16,10转增10股派1元(含税),2015/5/20,13.12,1,0.025991,0.099848,-0.3423,2006/12/26,9,6.56,0.073857
2488,金固股份,2015/4/17,10转增15股派2元(含税),2015/5/20,40.52,1.5,0.025991,0.099951,-0.4368,2010/10/21,5,16.208,0.07396
600436,片仔癀,2015/4/17,10转增15股派9元(含税),2015/6/4,98.56,1.5,0.014775,-0.064732,-0.3341,2003/6/16,12,39.424,-0.079507
600015,华夏银行,2015/4/17,10转增2股派4.35元(含税),2015/7/8,12.63,0.2,0.075138,0.047506,-0.2094,2003/9/12,12,10.525,-0.027632
2017,东信和平,2015/4/18,10转增2股派0.50元(含税),2015/6/1,29.66,0.2,0.026451,0.083614,-0.4732,2004/7/13,11,24.71666667,0.057163
600388,龙净环保,2015/4/18,10转增10送5股派3.3元(含税),2015/6/5,28.09,1.5,0.010989,-0.080812,-0.28,2000/12/29,15,11.236,-0.091801
600624,复旦复华,2015/4/18,10转增3股派0.31元(含税),2015/7/23,14.6,0.3,-0.014892,-0.041096,-0.3279,1993/1/5,22,11.23076923,-0.026204
600759,洲际油气,2015/4/18,10股转增3股,2015/7/6,9.29,0.3,-0.02927,0.100108,-0.0939,1996/10/8,19,7.146153846,0.129378
2063,远光软件,2015/4/18,10送3.024029股派0.756007元(含税),2015/7/2,22.02,0.302403,-0.064116,-0.075386,0.1189,2006/8/23,9,16.90720921,-0.01127
2013,中航机电,2015/4/20,10转增3股派0.6元(含税),2015/6/16,31.4,0.3,0.019594,0.011465,-0.0444,2004/7/5,11,24.15384615,-0.008129
2108,沧州明珠,2015/4/21,10转增5送2股派0.5元(含税),2015/6/9,16.75,0.7,0.005704,0.03403,-0.2338,2007/1/24,8,9.852941176,0.028326
2378,章源钨业,2015/4/21,10股转增10股,2015/5/21,17.98,1,0.022787,0.018354,-0.1824,2010/3/31,5,8.99,-0.004433
2305,南国置业,2015/4/21,10转增1送4股派1元(含税),2015/5/25,8.57,0.5,0.026126,0.03734,-0.3071,2009/11/6,6,5.713333333,0.011214
2489,浙江永强,2015/4/21,10转增3股派5元(含税),2015/5/21,41.46,0.3,0.022787,0.085625,-0.2499,2010/10/21,5,31.89230769,0.062838
685,中山公用,2015/4/21,10转增8股派3元(含税),2015/7/7,12.38,0.8,-0.067128,-0.031502,-0.0158,1997/1/23,18,6.877777778,0.035626
2025,航天电器,2015/4/21,10送3股派2元(含税),2015/6/25,30.31,0.3,-0.083558,-0.099967,0.2251,2004/7/26,11,23.31538462,-0.016409
600477,杭萧钢构,2015/4/21,10转增3股派0.6元(含税),2015/6/4,15.82,0.3,0.014775,-0.031606,-0.2885,2003/11/10,12,12.16923077,-0.046381
300045,华力创通,2015/4/21,10转增10股派0.3元(含税),2015/5/26,27.46,1,0.006092,0.059723,-0.545,2010/1/20,5,13.73,0.053631
600519,贵州茅台,2015/4/21,10送1股派43.74元(含税),2015/7/17,228.29,0.1,0.014175,-0.01393,-0.1442,2001/8/27,14,207.5363636,-0.028105
2531,天顺风能,2015/4/22,10转增10股派1元(含税),2015/5/26,16.8,1,0.006092,0.079762,-0.355,2010/12/31,5,8.4,0.07367
2528,英飞拓,2015/4/22,10转增5股派1元(含税),2015/6/19,15.47,0.5,0.020969,-0.027149,-0.2199,2010/12/24,5,10.31333333,-0.048118
2197,证通电子,2015/4/22,10转增6股派0.6元(含税),2015/6/19,40.69,0.6,0.020969,-0.077906,-0.347,2007/12/18,8,25.43125,-0.098875
718,苏宁环球,2015/4/22,10送3股派2元(含税),2015/7/16,10.06,0.3,0.044813,0.090457,-0.3637,1997/4/8,18,7.738461538,0.045644
2390,信邦制药,2015/4/22,10转增15股派0.6元(含税),2015/5/25,24.35,1.5,0.026126,0.019713,-0.5562,2010/4/16,5,9.74,-0.006413
2520,日发精机,2015/4/22,10转增5股派1元(含税),2015/5/21,30.99,0.5,0.022787,0.004518,-0.061,2010/12/10,5,20.66,-0.018269
600572,康恩贝,2015/4/23,10转增5送2股派1.7元(含税),2015/7/7,13.51,0.7,-0.067128,0.099926,0.0101,2004/4/12,11,7.947058824,0.167054
600674,川投能源,2015/4/23,10转增10股派3元(含税),2015/6/26,13.21,1,-0.045671,-0.099924,0.0067,1993/9/24,22,6.605,-0.054253
650,仁和药业,2015/4/25,10送2.5股派0.3元(含税),2015/5/26,13.06,0.25,0.006092,-0.009954,-0.2483,1996/12/10,19,10.448,-0.016046
2372,伟星新材,2015/4/25,10转增3股派6元(含税),2015/5/27,20.75,0.3,-0.068521,-0.090602,-0.2024,2010/3/18,5,15.96153846,-0.022081
888,峨眉山A,2015/4/25,10转增10股派1.8元(含税),2015/5/29,15.8,1,0.053785,0.036076,-0.2663,1997/10/21,18,7.9,-0.017709
600887,伊利股份,2015/4/25,10转增10股派8元(含税),2015/5/28,21.11,1,0.003664,-0.045476,-0.0114,1996/3/12,19,10.555,-0.04914
600993,马应龙,2015/4/25,10送3股派0.4元(含税),2015/7/21,26.69,0.3,0.0051,-0.025478,-0.3276,2004/5/17,11,20.53076923,-0.030578
300002,神州泰岳,2015/4/25,10转增5.020004股派1.204801元(含税),2015/6/8,23.6,0.502,-0.004086,0.005508,-0.4598,2009/10/30,6,15.71238349,0.009594
300151,昌红科技,2015/4/25,10转增15股派0.5元(含税),2015/5/28,30.19,1.5,0.003664,-0.075853,-0.5835,2010/12/22,5,12.076,-0.079517
541,佛山照明,2015/4/27,10转增3股派2.2元(含税),2015/6/12,19.46,0.3,-0.021363,-0.05704,-0.436,1993/11/23,22,14.96923077,-0.035677
2386,天原集团,2015/4/27,10股转增4股,2015/6/8,11.15,0.4,-0.004086,0.076233,-0.3758,2010/4/9,5,7.964285714,0.080319
200541,粤照明B,2015/4/27,10转增3股派2.787986港元(含税),2015/6/12,10.3,0.3,-0.021363,-0.028155,-0.3986,1995/8/8,20,7.923076923,-0.006792
2311,海大集团,2015/4/28,10转增4股派1.5元(含税),2015/6/26,13.74,0.4,-0.045671,-0.086608,0.3052,2009/11/27,6,9.814285714,-0.040937
2038,双鹭药业,2015/4/28,10送5股派3元(含税),2015/7/15,32.49,0.5,0.008952,0.015697,-0.2239,2004/9/9,11,21.66,0.006745
2263,大东南,2015/4/28,10股转增1股,2015/6/1,11.79,0.1,0.026451,0.094148,-0.4845,2008/7/28,7,10.71818182,0.067697
2271,东方雨虹,2015/4/28,10转增10股派2元(含税),2015/6/1,30.85,1,0.026451,0.070665,-0.2749,2008/9/10,7,15.425,0.044214
2446,盛路通信,2015/4/28,10转增12股派0.1元(含税),2015/6/10,38.9,1.2,0.007518,0.023393,-0.1203,2010/7/13,5,17.68181818,0.015875
415,渤海租赁,2015/4/29,10转增10股派1元(含税),2015/6/3,13.62,1,0.005007,-0.024963,-0.3005,1996/7/16,19,6.81,-0.02997
2142,宁波银行,2015/4/28,10转增2股派4.5元(含税),2015/7/15,15.78,0.2,0.008952,-0.024715,-0.3372,2007/7/19,8,13.15,-0.033667
601890,亚星锚链,2015/4/28,10转增10送0.5股派0.5元(含税),2015/6/9,16.96,1.05,0.005704,-0.035377,-0.0196,2010/12/28,5,8.273170732,-0.041081
651,格力电器,2015/4/28,10转增10股派30元(含税),2015/7/3,24.98,1,0.011173,-0.031225,-0.0686,1996/11/18,19,12.49,-0.042398
600239,云南城投,2015/4/28,10送3股派0.6元(含税),2015/6/16,12.15,0.3,0.019594,-0.025514,-0.364,1999/12/2,16,9.346153846,-0.045108
601169,北京银行,2015/4/28,10送2股派2.5元(含税),2015/7/17,10.5,0.2,0.014175,-0.024762,-0.1484,2007/9/19,8,8.75,-0.038937
300102,乾照光电,2015/4/28,10转增10股派0.4元(含税),2015/6/1,14.18,1,0.026451,0.078984,-0.4144,2010/8/12,5,7.09,0.052533
2266,浙富控股,2015/4/29,10转增3股派0.15元(含税),2015/7/3,8.02,0.3,0.011173,-0.09601,0.5228,2008/8/6,7,6.169230769,-0.107183
2095,生意宝,2015/4/29,10转增1送1股派0.5元(含税),2015/6/19,79.3,0.2,0.020969,0.030895,-0.4357,2006/12/15,9,66.08333333,0.009926
937,冀中能源,2015/4/29,10转增3股派1元(含税),2015/6/10,9.47,0.3,0.007518,0.009504,-0.3305,1999/9/9,16,7.284615385,0.001986
2375,亚厦股份,2015/4/29,10转增4.999957股派1.09999元(含税),2015/6/4,31.78,0.499996,0.014775,-0.026746,-0.3838,2010/3/23,5,21.18672316,-0.041521
2251,步步高,2015/4/29,10送1股派2元(含税),2015/6/16,30.47,0.1,0.019594,0.023302,-0.2393,2008/6/19,7,27.7,0.003708
2304,洋河股份,2015/4/29,10转增4股派20元(含税),2015/6/18,70.48,0.4,-0.068544,-0.059166,-0.0493,2009/11/6,6,50.34285714,0.009378
2054,德美化工,2015/4/29,10转增3股派1.2元(含税),2015/6/11,15.77,0.3,0.011318,0.04629,-0.3691,2006/7/25,9,12.13076923,0.034972
2167,东方锆业,2015/4/29,10股转增5股,2015/6/24,15.55,0.5,-0.038473,-0.090032,-0.135,2007/9/13,8,10.36666667,-0.051559
600079,人福医药,2015/4/25,10转增10股派1.5元(含税),2015/7/22,20.04,1,0.027241,-0.006487,-0.2024,1997/6/6,18,10.02,-0.033728
2288,超华科技,2015/4/29,10转增10股派0.1元(含税),2015/6/1,14.27,1,0.026451,0.10021,-0.5701,2009/9/3,6,7.135,0.073759
600594,益佰制药,2015/4/29,10转增10股派1.2元(含税),2015/7/16,27.95,1,0.044813,0.053667,-0.4846,2004/3/23,11,13.975,0.008854
2030,达安基因,2015/4/9,10送2股派0.5元(含税),2015/6/17,56.5,0.2,-0.039191,-0.024779,-0.1327,2004/8/9,11,47.08333333,0.014412
2364,中恒电气,2015/4/17,10转增8送2股派0.3元(含税),2015/5/19,34.84,1,0.011565,0.099885,-0.3288,2010/3/5,5,17.42,0.08832
600613,神奇制药,2015/4/30,10转增2股派0.65元(含税),2015/7/6,15.89,0.2,-0.02927,-0.100063,0.3531,1992/8/20,23,13.24166667,-0.070793
900904,神奇B股,2015/4/30,10转增2股派0.10622美元(含税),2015/7/6,1.617,0.2,-0.02927,-0.100186,0.1519,1992/7/22,23,1.3475,-0.070916
2041,登海种业,2015/4/30,10转增1送14股派3.5元(含税),2015/6/10,23.88,1.5,0.007518,-0.025544,-0.1225,2005/4/18,10,9.552,-0.033062
2244,滨江集团,2015/5/14,10转增4送6股派1.5元(含税),2015/7/10,8.44,1,0.033561,0.099526,-0.0991,2008/5/29,7,4.22,0.065965
600371,万向德农,2015/6/13,10送1股派0.36元(含税),2015/7/14,18.4,0.1,-0.036169,-0.1,-0.1818,2002/9/16,13,16.72727273,-0.063831